{
   "status":{
      "status":200,
      "message":"SUCCESS"
   },
   "machines":[
      {
         "id":3039,
         "name":"FNG",
         "products":[
            {
               "id":"SUNB_135",
               "name":"BIG MANGO - HIGH ENERGY SALAD W\/CHICKEN",
               "price":"9.95",
               "qt":1
            },
            {
               "id":"SUNB_174",
               "name":"BIG MANGO - PENNE PASTA W\/ HERB CHICKEN IN PINK SAUCE",
               "price":"8.99",
               "qt":1
            },
            {
               "id":"SUNB_174",
               "name":"BIG MANGO - PENNE PASTA W\/ HERB CHICKEN IN PINK SAUCE",
               "price":"8.99",
               "qt":2
            },
            {
               "id":"SUNB_207",
               "name":"ML VEGAN KITCHEN - SMOKEY BBQ WRAP",
               "price":"9.99",
               "qt":0
            },
            {
               "id":"SUNB_230",
               "name":"BIG MANGO - HONEY GLAZED BAKED SALMON W\/ BROWN RICE AND STEAMED VEGETABLES",
               "price":"9.95",
               "qt":1
            },
            {
               "id":"SUNB_261",
               "name":"B SWEET - NITRO COFFEE ",
               "price":"3.99",
               "qt":0
            },
            {
               "id":"SUNB_271",
               "name":"VYBES CBD BEVERAGE - PEACH GINGER",
               "price":"8.99",
               "qt":2
            },
            {
               "id":"SUNB_272",
               "name":"VIVE WELLNESS SHOT - IMMUNITY BOOST",
               "price":"3.99",
               "qt":4
            },
            {
               "id":"SUNB_276",
               "name":"EVERYTABLE - KALE CAESAR SALAD WITH CHICKEN",
               "price":"9.95",
               "qt":0
            },
            {
               "id":"SUNB_276",
               "name":"EVERYTABLE - KALE CAESAR SALAD WITH CHICKEN",
               "price":"9.95",
               "qt":4
            },
            {
               "id":"SUNB_282",
               "name":"EVERYTABLE - SPAGHETTI SQUASH AND TURKEY MEATBALLS",
               "price":"9.95",
               "qt":0
            },
            {
               "id":"SUNB_282",
               "name":"EVERYTABLE - SPAGHETTI SQUASH AND TURKEY MEATBALLS",
               "price":"9.95",
               "qt":4
            },
            {
               "id":"SUNB_293",
               "name":"EVERYTABLE - CAJUN BLACKENED FISH",
               "price":"9.95",
               "qt":0
            },
            {
               "id":"SUNB_293",
               "name":"EVERYTABLE - CAJUN BLACKENED FISH",
               "price":"9.95",
               "qt":4
            },
            {
               "id":"SUNB_304",
               "name":"ASHAPOPS POPPED WATER LILY SEEDS - BOMBAY PEPPER MASALA",
               "price":"2.99",
               "qt":4
            },
            {
               "id":"SUNB_310",
               "name":"SODA BOSSA NATURAL ENERGY - PREMIUM GUARANA",
               "price":"2.99",
               "qt":1
            },
            {
               "id":"SUNB_310",
               "name":"SODA BOSSA NATURAL ENERGY - PREMIUM GUARANA",
               "price":"2.99",
               "qt":2
            },
            {
               "id":"SUNB_313",
               "name":"BIG MANGO - GREEK WRAP W\/ CHICKEN",
               "price":"6.49",
               "qt":1
            },
            {
               "id":"SUNB_324",
               "name":"ORGAIN VEGAN NUTRITIONAL PROTEIN SHAKE - SMOOTH CHOCOLATE",
               "price":"3.99",
               "qt":4
            },
            {
               "id":"SUNB_327",
               "name":"C2O PURE COCOUNT WATER",
               "price":"3.99",
               "qt":4
            },
            {
               "id":"SUNB_343",
               "name":"KETO FARMS GOURMET SNACK MIX - STRAWBERRY GOUDA",
               "price":"3.59",
               "qt":5
            },
            {
               "id":"SUNB_345",
               "name":"KETO FARMS GOURMET SNACK MIX - TOMATO PEPPERJACK",
               "price":"3.59",
               "qt":1
            },
            {
               "id":"SUNB_346",
               "name":"DELUSCIOUS COOKIES - VEGAN GLUTEN-FREE OATMEAL RAISIN COOKIE",
               "price":"4.49",
               "qt":3
            },
            {
               "id":"SUNB_346",
               "name":"DELUSCIOUS COOKIES - VEGAN GLUTEN-FREE OATMEAL RAISIN COOKIE",
               "price":"4.49",
               "qt":5
            },
            {
               "id":"SUNB_347",
               "name":"VYBES CBD BEVERAGE - STRAWBERRY LAVENDER",
               "price":"8.99",
               "qt":3
            },
            {
               "id":"SUNB_348",
               "name":"BIG MANGO - SPICY BUFFALO STYLE CHICKEN SANDWICH",
               "price":"6.49",
               "qt":1
            },
            {
               "id":"SUNB_46",
               "name":"NELLYS ENERGY TRUFFLE BAR - COCONUT",
               "price":"3.29",
               "qt":3
            },
            {
               "id":"SUNB_95",
               "name":"GT'S KOMBUCHA - GINGERADE",
               "price":"3.99",
               "qt":3
            }
         ]
      },
      {
         "id":3040,
         "name":"THC",
         "products":[
            {
               "id":"SUNB_135",
               "name":"BIG MANGO - HIGH ENERGY SALAD W\/CHICKEN",
               "price":"9.95",
               "qt":6
            },
            {
               "id":"SUNB_174",
               "name":"BIG MANGO - PENNE PASTA W\/ HERB CHICKEN IN PINK SAUCE",
               "price":"8.99",
               "qt":6
            },
            {
               "id":"SUNB_174",
               "name":"BIG MANGO - PENNE PASTA W\/ HERB CHICKEN IN PINK SAUCE",
               "price":"8.99",
               "qt":6
            },
            {
               "id":"SUNB_210",
               "name":"ML VEGAN KITCHEN - PEPITA PESTO WRAP",
               "price":"10.99",
               "qt":0
            },
            {
               "id":"SUNB_227",
               "name":"BERRI FIT - MANGO",
               "price":"2.99",
               "qt":1
            },
            {
               "id":"SUNB_230",
               "name":"BIG MANGO - HONEY GLAZED BAKED SALMON W\/ BROWN RICE AND STEAMED VEGETABLES",
               "price":"9.95",
               "qt":6
            },
            {
               "id":"SUNB_261",
               "name":"B SWEET - NITRO COFFEE ",
               "price":"3.99",
               "qt":2
            },
            {
               "id":"SUNB_272",
               "name":"VIVE WELLNESS SHOT - IMMUNITY BOOST",
               "price":"3.99",
               "qt":3
            },
            {
               "id":"SUNB_276",
               "name":"EVERYTABLE - KALE CAESAR SALAD WITH CHICKEN",
               "price":"9.95",
               "qt":4
            },
            {
               "id":"SUNB_282",
               "name":"EVERYTABLE - SPAGHETTI SQUASH AND TURKEY MEATBALLS",
               "price":"9.95",
               "qt":4
            },
            {
               "id":"SUNB_293",
               "name":"EVERYTABLE - CAJUN BLACKENED FISH",
               "price":"9.95",
               "qt":0
            },
            {
               "id":"SUNB_293",
               "name":"EVERYTABLE - CAJUN BLACKENED FISH",
               "price":"9.95",
               "qt":4
            },
            {
               "id":"SUNB_304",
               "name":"ASHAPOPS POPPED WATER LILY SEEDS - BOMBAY PEPPER MASALA",
               "price":"2.99",
               "qt":3
            },
            {
               "id":"SUNB_307",
               "name":"DELUSCIOUS COOKIES - VEGAN GLUTEN-FREE CHOCOLATE CHIP COOKIE",
               "price":"4.49",
               "qt":1
            },
            {
               "id":"SUNB_310",
               "name":"SODA BOSSA NATURAL ENERGY - PREMIUM GUARANA",
               "price":"2.99",
               "qt":2
            },
            {
               "id":"SUNB_313",
               "name":"BIG MANGO - GREEK WRAP W\/ CHICKEN",
               "price":"6.49",
               "qt":6
            },
            {
               "id":"SUNB_316",
               "name":"EVERYTABLE - CHINESE CHICKEN SALAD",
               "price":"7.95",
               "qt":0
            },
            {
               "id":"SUNB_316",
               "name":"EVERYTABLE - CHINESE CHICKEN SALAD",
               "price":"7.95",
               "qt":0
            },
            {
               "id":"SUNB_322",
               "name":"MADEA'S ALL NATURAL SWEET TEA - PEACH AND LEMON",
               "price":"3.99",
               "qt":1
            },
            {
               "id":"SUNB_323",
               "name":"MADEA'S ALL NATURAL GREEN TEA - CARE TEA LEMON, HONEY AND GINGER",
               "price":"3.99",
               "qt":1
            },
            {
               "id":"SUNB_327",
               "name":"C2O PURE COCOUNT WATER",
               "price":"3.99",
               "qt":2
            },
            {
               "id":"SUNB_344",
               "name":"KETO FARMS GOURMET SNACK MIX - RASPBERRY GOUDA",
               "price":"3.59",
               "qt":3
            },
            {
               "id":"SUNB_346",
               "name":"DELUSCIOUS COOKIES - VEGAN GLUTEN-FREE OATMEAL RAISIN COOKIE",
               "price":"4.49",
               "qt":3
            },
            {
               "id":"SUNB_348",
               "name":"BIG MANGO - SPICY BUFFALO STYLE CHICKEN SANDWICH",
               "price":"6.49",
               "qt":6
            },
            {
               "id":"SUNB_349",
               "name":"ORGAIN CLEAN PROTEIN SHAKE - CREAMY CHOCOLATE FUDGE",
               "price":"3.99",
               "qt":4
            },
            {
               "id":"SUNB_46",
               "name":"NELLYS ENERGY TRUFFLE BAR - COCONUT",
               "price":"3.29",
               "qt":0
            },
            {
               "id":"SUNB_95",
               "name":"GT'S KOMBUCHA - GINGERADE",
               "price":"3.99",
               "qt":3
            }
         ]
      },
      {
         "id":3739,
         "name":"HWRP",
         "0":[
            {
               "id":"SUNB_135",
               "name":"BIG MANGO - HIGH ENERGY SALAD W\/CHICKEN",
               "price":"9.95",
               "qt":1
            },
            {
               "id":"SUNB_174",
               "name":"BIG MANGO - PENNE PASTA W\/ HERB CHICKEN IN PINK SAUCE",
               "price":"8.99",
               "qt":3
            },
            {
               "id":"SUNB_210",
               "name":"ML VEGAN KITCHEN - PEPITA PESTO WRAP",
               "price":"10.99",
               "qt":1
            },
            {
               "id":"SUNB_230",
               "name":"BIG MANGO - HONEY GLAZED BAKED SALMON W\/ BROWN RICE AND STEAMED VEGETABLES",
               "price":"9.95",
               "qt":1
            },
            {
               "id":"SUNB_248",
               "name":"MYLK LABS OATMEAL CUP - ROASTED ALMOND AND HIMALAYAN PINK SALT",
               "price":"3.99",
               "qt":4
            },
            {
               "id":"SUNB_249",
               "name":"MYLK LABS OATMEAL CUP - ROASTED HAZELNUT AND DOMINICAN CACAO",
               "price":"3.99",
               "qt":4
            },
            {
               "id":"SUNB_261",
               "name":"B SWEET - NITRO COFFEE ",
               "price":"3.99",
               "qt":0
            },
            {
               "id":"SUNB_261",
               "name":"B SWEET - NITRO COFFEE ",
               "price":"3.99",
               "qt":0
            },
            {
               "id":"SUNB_272",
               "name":"VIVE WELLNESS SHOT - IMMUNITY BOOST",
               "price":"3.99",
               "qt":4
            },
            {
               "id":"SUNB_276",
               "name":"EVERYTABLE - KALE CAESAR SALAD WITH CHICKEN",
               "price":"9.95",
               "qt":1
            },
            {
               "id":"SUNB_282",
               "name":"EVERYTABLE - SPAGHETTI SQUASH AND TURKEY MEATBALLS",
               "price":"9.95",
               "qt":1
            },
            {
               "id":"SUNB_293",
               "name":"EVERYTABLE - CAJUN BLACKENED FISH",
               "price":"9.95",
               "qt":1
            },
            {
               "id":"SUNB_304",
               "name":"ASHAPOPS POPPED WATER LILY SEEDS - BOMBAY PEPPER MASALA",
               "price":"2.99",
               "qt":1
            },
            {
               "id":"SUNB_304",
               "name":"ASHAPOPS POPPED WATER LILY SEEDS - BOMBAY PEPPER MASALA",
               "price":"2.99",
               "qt":1
            },
            {
               "id":"SUNB_304",
               "name":"ASHAPOPS POPPED WATER LILY SEEDS - BOMBAY PEPPER MASALA",
               "price":"2.99",
               "qt":4
            },
            {
               "id":"SUNB_307",
               "name":"DELUSCIOUS COOKIES - VEGAN GLUTEN-FREE CHOCOLATE CHIP COOKIE",
               "price":"4.49",
               "qt":3
            },
            {
               "id":"SUNB_310",
               "name":"SODA BOSSA NATURAL ENERGY - PREMIUM GUARANA",
               "price":"2.99",
               "qt":3
            },
            {
               "id":"SUNB_312",
               "name":"BIG MANGO - ASIAN WRAP W\/ CHICKEN",
               "price":"6.49",
               "qt":2
            },
            {
               "id":"SUNB_322",
               "name":"MADEA'S ALL NATURAL SWEET TEA - PEACH AND LEMON",
               "price":"3.99",
               "qt":2
            },
            {
               "id":"SUNB_346",
               "name":"DELUSCIOUS COOKIES - VEGAN GLUTEN-FREE OATMEAL RAISIN COOKIE",
               "price":"4.49",
               "qt":4
            },
            {
               "id":"SUNB_348",
               "name":"BIG MANGO - SPICY BUFFALO STYLE CHICKEN SANDWICH",
               "price":"6.49",
               "qt":0
            },
            {
               "id":"SUNB_348",
               "name":"BIG MANGO - SPICY BUFFALO STYLE CHICKEN SANDWICH",
               "price":"6.49",
               "qt":1
            },
            {
               "id":"SUNB_349",
               "name":"ORGAIN CLEAN PROTEIN SHAKE - CREAMY CHOCOLATE FUDGE",
               "price":"3.99",
               "qt":3
            },
            {
               "id":"SUNB_40",
               "name":"SEABOLD GINGER BEER",
               "price":"5.99",
               "qt":1
            },
            {
               "id":"SUNB_46",
               "name":"NELLYS ENERGY TRUFFLE BAR - COCONUT",
               "price":"3.29",
               "qt":2
            },
            {
               "id":"SUNB_46",
               "name":"NELLYS ENERGY TRUFFLE BAR - COCONUT",
               "price":"3.29",
               "qt":4
            },
            {
               "id":"SUNB_80",
               "name":"SUPER POP BAR 10G PROTEIN - ALMOND CHOCOLATE",
               "price":"3.49",
               "qt":1
            },
            {
               "id":"SUNB_82",
               "name":"SUPER POP BAR 10G PROTEIN - PEANUT BUTTER CHOCOLATE",
               "price":"3.49",
               "qt":2
            },
            {
               "id":"SUNB_94",
               "name":"GT'S KOMBUCHA - TRILOGY",
               "price":"3.99",
               "qt":3
            },
            {
               "id":"SUNB_95",
               "name":"GT'S KOMBUCHA - GINGERADE",
               "price":"3.99",
               "qt":5
            }
         ]
      }
   ]
}